{"nm":"heart","ddd":0,"h":100,"w":100,"meta":{"g":"@lottiefiles/toolkit-js 0.33.2"},"layers":[{"ty":4,"nm":"Layer 2 Outlines","sr":1,"st":0,"op":900.000036657751,"ip":0,"hd":false,"ddd":0,"bm":0,"hasMask":false,"ao":0,"ks":{"a":{"a":0,"k":[20.392,17.022,0],"ix":1},"s":{"a":1,"k":[{"o":{"x":0.486,"y":0},"i":{"x":0.667,"y":1},"s":[0,0,100],"t":0},{"o":{"x":0.439,"y":0},"i":{"x":0.576,"y":1},"s":[119,119,100],"t":5},{"o":{"x":0.152,"y":0},"i":{"x":0.288,"y":1},"s":[82,82,100],"t":10},{"s":[100,100,100],"t":15.0000006109625}],"ix":6},"sk":{"a":0,"k":0},"p":{"a":0,"k":[50.085,49.972,0],"ix":2},"r":{"a":0,"k":0,"ix":10},"sa":{"a":0,"k":0},"o":{"a":0,"k":100,"ix":11}},"ef":[],"shapes":[{"ty":"gr","bm":0,"hd":false,"mn":"ADBE Vector Group","nm":"Group 1","ix":1,"cix":2,"np":2,"it":[{"ty":"sh","bm":0,"hd":false,"mn":"ADBE Vector Shape - Group","nm":"Path 1","ix":1,"d":1,"ks":{"a":0,"k":{"c":true,"i":[[-2.008,2.091],[-2.887,0.06],[0,0],[-2.098,-2.123],[0,0],[0,0],[-3.003,0.063],[0,0],[-2.092,-2.008],[-0.059,-2.889],[2.542,-1.428],[0.178,8.815]],"o":[[2.007,-2.09],[0,0],[3.002,-0.062],[0,0],[0,0],[2.009,-2.205],[0,0],[2.89,-0.058],[2.09,2.008],[0.229,11.336],[-7.185,-3.885],[-0.059,-2.89]],"v":[[-17.06,-13.009],[-9.471,-16.342],[-9.465,-16.342],[-1.555,-13.145],[-0.209,-11.783],[1.081,-13.198],[8.851,-16.714],[8.855,-16.714],[16.579,-13.69],[19.913,-6.096],[0.38,16.772],[-20.083,-5.285]]},"ix":2}},{"ty":"fl","bm":0,"hd":false,"mn":"ADBE Vector Graphic - Fill","nm":"Fill 1","c":{"a":0,"k":[0.9647,0.3098,0.4],"ix":4},"r":1,"o":{"a":0,"k":100,"ix":5}},{"ty":"tr","a":{"a":0,"k":[0,0],"ix":1},"s":{"a":0,"k":[100,100],"ix":3},"sk":{"a":0,"k":0,"ix":4},"p":{"a":0,"k":[20.392,17.022],"ix":2},"r":{"a":0,"k":0,"ix":6},"sa":{"a":0,"k":0,"ix":5},"o":{"a":0,"k":100,"ix":7}}]}],"ind":1},{"ty":0,"nm":"Shape Layer 2 Comp 1","sr":1,"st":3.00000012219251,"op":903.000036779944,"ip":3.00000012219251,"hd":false,"ddd":0,"bm":0,"hasMask":false,"ao":0,"ks":{"a":{"a":0,"k":[50,50,0],"ix":1},"s":{"a":0,"k":[86,86,100],"ix":6},"sk":{"a":0,"k":0},"p":{"a":0,"k":[50,50,0],"ix":2},"r":{"a":0,"k":0,"ix":10},"sa":{"a":0,"k":0},"o":{"a":0,"k":100,"ix":11}},"ef":[],"w":100,"h":100,"refId":"comp_4","ind":2}],"v":"5.1.7","fr":29.9700012207031,"op":24.00000097754,"ip":0,"assets":[{"nm":"","id":"comp_4","layers":[{"ty":0,"nm":"Shape Layer 2 Comp 2","sr":1,"st":0,"op":900.000036657751,"ip":0,"hd":false,"ddd":0,"bm":0,"hasMask":false,"ao":0,"ks":{"a":{"a":0,"k":[50,50,0],"ix":1},"s":{"a":0,"k":[100,100,100],"ix":6},"sk":{"a":0,"k":0},"p":{"a":0,"k":[50,50,0],"ix":2},"r":{"a":0,"k":180,"ix":10},"sa":{"a":0,"k":0},"o":{"a":0,"k":100,"ix":11}},"ef":[],"w":100,"h":100,"refId":"comp_5","ind":1},{"ty":0,"nm":"Shape Layer 2 Comp 2","sr":1,"st":0,"op":900.000036657751,"ip":0,"hd":false,"ddd":0,"bm":0,"hasMask":false,"ao":0,"ks":{"a":{"a":0,"k":[50,50,0],"ix":1},"s":{"a":0,"k":[100,100,100],"ix":6},"sk":{"a":0,"k":0},"p":{"a":0,"k":[50,50,0],"ix":2},"r":{"a":0,"k":130,"ix":10},"sa":{"a":0,"k":0},"o":{"a":0,"k":100,"ix":11}},"ef":[],"w":100,"h":100,"refId":"comp_5","ind":2},{"ty":0,"nm":"Shape Layer 2 Comp 2","sr":1,"st":0,"op":900.000036657751,"ip":0,"hd":false,"ddd":0,"bm":0,"hasMask":false,"ao":0,"ks":{"a":{"a":0,"k":[50,50,0],"ix":1},"s":{"a":0,"k":[100,100,100],"ix":6},"sk":{"a":0,"k":0},"p":{"a":0,"k":[50,50,0],"ix":2},"r":{"a":0,"k":90,"ix":10},"sa":{"a":0,"k":0},"o":{"a":0,"k":100,"ix":11}},"ef":[],"w":100,"h":100,"refId":"comp_5","ind":3},{"ty":0,"nm":"Shape Layer 2 Comp 2","sr":1,"st":0,"op":900.000036657751,"ip":0,"hd":false,"ddd":0,"bm":0,"hasMask":false,"ao":0,"ks":{"a":{"a":0,"k":[50,50,0],"ix":1},"s":{"a":0,"k":[100,100,100],"ix":6},"sk":{"a":0,"k":0},"p":{"a":0,"k":[50,50,0],"ix":2},"r":{"a":0,"k":45,"ix":10},"sa":{"a":0,"k":0},"o":{"a":0,"k":100,"ix":11}},"ef":[],"w":100,"h":100,"refId":"comp_5","ind":4},{"ty":0,"nm":"Shape Layer 2 Comp 2","sr":1,"st":0,"op":900.000036657751,"ip":0,"hd":false,"ddd":0,"bm":0,"hasMask":false,"ao":0,"ks":{"a":{"a":0,"k":[50,50,0],"ix":1},"s":{"a":0,"k":[100,100,100],"ix":6},"sk":{"a":0,"k":0},"p":{"a":0,"k":[50,50,0],"ix":2},"r":{"a":0,"k":-135,"ix":10},"sa":{"a":0,"k":0},"o":{"a":0,"k":100,"ix":11}},"ef":[],"w":100,"h":100,"refId":"comp_5","ind":5},{"ty":0,"nm":"Shape Layer 2 Comp 2","sr":1,"st":0,"op":900.000036657751,"ip":0,"hd":false,"ddd":0,"bm":0,"hasMask":false,"ao":0,"ks":{"a":{"a":0,"k":[50,50,0],"ix":1},"s":{"a":0,"k":[100,100,100],"ix":6},"sk":{"a":0,"k":0},"p":{"a":0,"k":[50,50,0],"ix":2},"r":{"a":0,"k":-90,"ix":10},"sa":{"a":0,"k":0},"o":{"a":0,"k":100,"ix":11}},"ef":[],"w":100,"h":100,"refId":"comp_5","ind":6},{"ty":0,"nm":"Shape Layer 2 Comp 2","sr":1,"st":0,"op":900.000036657751,"ip":0,"hd":false,"ddd":0,"bm":0,"hasMask":false,"ao":0,"ks":{"a":{"a":0,"k":[50,50,0],"ix":1},"s":{"a":0,"k":[100,100,100],"ix":6},"sk":{"a":0,"k":0},"p":{"a":0,"k":[50,50,0],"ix":2},"r":{"a":0,"k":-45,"ix":10},"sa":{"a":0,"k":0},"o":{"a":0,"k":100,"ix":11}},"ef":[],"w":100,"h":100,"refId":"comp_5","ind":7},{"ty":0,"nm":"Shape Layer 2 Comp 2","sr":1,"st":0,"op":900.000036657751,"ip":0,"hd":false,"ddd":0,"bm":0,"hasMask":false,"ao":0,"ks":{"a":{"a":0,"k":[50,50,0],"ix":1},"s":{"a":0,"k":[100,100,100],"ix":6},"sk":{"a":0,"k":0},"p":{"a":0,"k":[50,50,0],"ix":2},"r":{"a":0,"k":0,"ix":10},"sa":{"a":0,"k":0},"o":{"a":0,"k":100,"ix":11}},"ef":[],"w":100,"h":100,"refId":"comp_5","ind":8}]},{"nm":"","id":"comp_5","layers":[{"ty":4,"nm":"Shape Layer 4","sr":1,"st":0,"op":900.000036657751,"ip":0,"hd":false,"ddd":0,"bm":0,"hasMask":false,"ao":0,"ks":{"a":{"a":0,"k":[-0.122,-27.75,0],"ix":1},"s":{"a":1,"k":[{"o":{"x":0.333,"y":-44.172},"i":{"x":0.667,"y":15.897},"s":[78.68,78.68,100],"t":3},{"o":{"x":0.333,"y":-0.562},"i":{"x":0.667,"y":1},"s":[78,78,100],"t":9},{"s":[54,54,100],"t":17.0000006924242}],"ix":6},"sk":{"a":0,"k":0},"p":{"a":1,"k":[{"o":{"x":0.333,"y":0.406},"i":{"x":0.667,"y":0.567},"s":[39.878,39.582,0],"t":3,"ti":[0,2.48720121383667,0],"to":[0,-0.83333331346512,0]},{"o":{"x":0.333,"y":0.5},"i":{"x":0.667,"y":1},"s":[39.878,22.253,0],"t":9,"ti":[0,3.3337619304657,0],"to":[0,-8.33440494537354,0]},{"s":[39.878,2.25,0],"t":17.0000006924242}],"ix":2},"r":{"a":0,"k":0,"ix":10},"sa":{"a":0,"k":0},"o":{"a":1,"k":[{"o":{"x":0.333,"y":0.281},"i":{"x":0.667,"y":1},"s":[0],"t":3},{"o":{"x":0.333,"y":0},"i":{"x":0.667,"y":1},"s":[100],"t":9},{"s":[0],"t":17.0000006924242}],"ix":11}},"ef":[],"shapes":[{"ty":"gr","bm":0,"hd":false,"mn":"ADBE Vector Group","nm":"Ellipse 1","ix":1,"cix":2,"np":3,"it":[{"ty":"el","bm":0,"hd":false,"mn":"ADBE Vector Shape - Ellipse","nm":"Ellipse Path 1","d":1,"p":{"a":0,"k":[0,0],"ix":3},"s":{"a":0,"k":[6.66,6.66],"ix":2}},{"ty":"fl","bm":0,"hd":false,"mn":"ADBE Vector Graphic - Fill","nm":"Fill 1","c":{"a":0,"k":[0.9098,0.1843,0.5686],"ix":4},"r":1,"o":{"a":0,"k":100,"ix":5}},{"ty":"tr","a":{"a":0,"k":[0,1.076],"ix":1},"s":{"a":0,"k":[100,100],"ix":3},"sk":{"a":0,"k":0,"ix":4},"p":{"a":0,"k":[-0.17,-26.594],"ix":2},"r":{"a":0,"k":0,"ix":6},"sa":{"a":0,"k":0,"ix":5},"o":{"a":0,"k":100,"ix":7}}]}],"ind":1},{"ty":4,"nm":"Shape Layer 3","sr":1,"st":0,"op":900.000036657751,"ip":0,"hd":false,"ddd":0,"bm":0,"hasMask":false,"ao":0,"ks":{"a":{"a":0,"k":[-0.122,-27.75,0],"ix":1},"s":{"a":1,"k":[{"o":{"x":0.333,"y":-44.172},"i":{"x":0.667,"y":15.897},"s":[78.68,78.68,100],"t":0},{"o":{"x":0.333,"y":-0.773},"i":{"x":0.667,"y":1},"s":[78,78,100],"t":6},{"s":[54,54,100],"t":17.0000006924242}],"ix":6},"sk":{"a":0,"k":0},"p":{"a":1,"k":[{"o":{"x":0.333,"y":0.406},"i":{"x":0.667,"y":0.567},"s":[49.878,39.582,0],"t":0,"ti":[0,2.48720121383667,0],"to":[0,-2.35414934158325,0]},{"o":{"x":0.333,"y":0.687},"i":{"x":0.667,"y":1},"s":[49.878,22.253,0],"t":6,"ti":[0,3.3337619304657,0],"to":[0,-8.33440494537354,0]},{"s":[49.878,2.25,0],"t":17.0000006924242}],"ix":2},"r":{"a":0,"k":0,"ix":10},"sa":{"a":0,"k":0},"o":{"a":1,"k":[{"o":{"x":0.333,"y":0.281},"i":{"x":0.667,"y":1},"s":[0],"t":0},{"o":{"x":0.333,"y":0},"i":{"x":0.667,"y":1},"s":[100],"t":6},{"s":[0],"t":17.0000006924242}],"ix":11}},"ef":[],"shapes":[{"ty":"gr","bm":0,"hd":false,"mn":"ADBE Vector Group","nm":"Ellipse 1","ix":1,"cix":2,"np":3,"it":[{"ty":"el","bm":0,"hd":false,"mn":"ADBE Vector Shape - Ellipse","nm":"Ellipse Path 1","d":1,"p":{"a":0,"k":[0,0],"ix":3},"s":{"a":0,"k":[6.66,6.66],"ix":2}},{"ty":"fl","bm":0,"hd":false,"mn":"ADBE Vector Graphic - Fill","nm":"Fill 1","c":{"a":0,"k":[0.9647,0.3098,0.4],"ix":4},"r":1,"o":{"a":0,"k":100,"ix":5}},{"ty":"tr","a":{"a":0,"k":[0,1.076],"ix":1},"s":{"a":0,"k":[100,100],"ix":3},"sk":{"a":0,"k":0,"ix":4},"p":{"a":0,"k":[-0.17,-26.594],"ix":2},"r":{"a":0,"k":0,"ix":6},"sa":{"a":0,"k":0,"ix":5},"o":{"a":0,"k":100,"ix":7}}]}],"ind":2},{"ty":4,"nm":"Shape Layer 2","sr":1,"st":5.00000020365417,"op":905.000036861406,"ip":5.00000020365417,"hd":false,"ddd":0,"bm":0,"hasMask":false,"ao":0,"ks":{"a":{"a":0,"k":[-0.122,-27.75,0],"ix":1},"s":{"a":1,"k":[{"o":{"x":0.333,"y":-44.172},"i":{"x":0.667,"y":15.897},"s":[78.68,78.68,100],"t":5},{"o":{"x":0.333,"y":-0.562},"i":{"x":0.667,"y":1},"s":[78,78,100],"t":11},{"s":[54,54,100],"t":19.0000007738859}],"ix":6},"sk":{"a":0,"k":0},"p":{"a":1,"k":[{"o":{"x":0.333,"y":0.406},"i":{"x":0.667,"y":0.567},"s":[59.878,39.582,0],"t":5,"ti":[0,2.48720121383667,0],"to":[0,-2.35414934158325,0]},{"o":{"x":0.333,"y":0.5},"i":{"x":0.667,"y":1},"s":[59.878,22.253,0],"t":11,"ti":[0,3.3337619304657,0],"to":[0,-8.33440494537354,0]},{"s":[59.878,2.25,0],"t":19.0000007738859}],"ix":2},"r":{"a":0,"k":0,"ix":10},"sa":{"a":0,"k":0},"o":{"a":1,"k":[{"o":{"x":0.333,"y":0.281},"i":{"x":0.667,"y":1},"s":[0],"t":5},{"o":{"x":0.333,"y":0},"i":{"x":0.667,"y":1},"s":[100],"t":11},{"s":[0],"t":19.0000007738859}],"ix":11}},"ef":[],"shapes":[{"ty":"gr","bm":0,"hd":false,"mn":"ADBE Vector Group","nm":"Ellipse 1","ix":1,"cix":2,"np":3,"it":[{"ty":"el","bm":0,"hd":false,"mn":"ADBE Vector Shape - Ellipse","nm":"Ellipse Path 1","d":1,"p":{"a":0,"k":[0,0],"ix":3},"s":{"a":0,"k":[6.66,6.66],"ix":2}},{"ty":"fl","bm":0,"hd":false,"mn":"ADBE Vector Graphic - Fill","nm":"Fill 1","c":{"a":0,"k":[1,0.8706,0.051],"ix":4},"r":1,"o":{"a":0,"k":100,"ix":5}},{"ty":"tr","a":{"a":0,"k":[0,1.076],"ix":1},"s":{"a":0,"k":[100,100],"ix":3},"sk":{"a":0,"k":0,"ix":4},"p":{"a":0,"k":[-0.17,-26.594],"ix":2},"r":{"a":0,"k":0,"ix":6},"sa":{"a":0,"k":0,"ix":5},"o":{"a":0,"k":100,"ix":7}}]}],"ind":3}]}]}